{"cameraMode":{"drawMode":2,"name":"Shaded Wireframe","section":"Shading Mode"},"sceneLighting":false,"audioPlay":false,"sceneViewState":{"m_AlwaysRefresh":false,"showFog":true,"showSkybox":false,"showFlares":true,"showImageEffects":true,"showParticleSystems":true,"showVisualEffectGraphs":true,"m_FxEnabled":true},"in2DMode":false,"pivot":{"x":0.18769598007202149,"y":-0.013930559158325196,"z":-0.14415693283081056},"rotation":{"x":0.11525793373584748,"y":0.5559448003768921,"z":-0.07834946364164353,"w":0.819559633731842},"size":5.384670734405518,"orthographic":false}