{"cameraMode":{"drawMode":2,"name":"Shaded Wireframe","section":"Shading Mode"},"sceneLighting":false,"audioPlay":false,"sceneViewState":{"m_AlwaysRefresh":false,"showFog":true,"showSkybox":false,"showFlares":true,"showImageEffects":true,"showParticleSystems":true,"showVisualEffectGraphs":true,"m_FxEnabled":true},"in2DMode":false,"pivot":{"x":8.302667993120849e-7,"y":-0.000002714981746976264,"z":-0.000021944488253211603},"rotation":{"x":0.16690334677696229,"y":0.7648486495018005,"z":-0.21946017444133759,"w":0.5823779106140137},"size":0.9000174403190613,"orthographic":false}